Risk Segment,Churn Probability
Low Risk,0.10501251526251525
Low Risk,0.08836050097563256
Medium Risk,0.40494237992399734
Medium Risk,0.3855984275227698
High Risk,0.8273197037049335
High Risk,0.8518281960597656
Medium Risk,0.456118815205983
Low Risk,0.09953383703877822
Low Risk,0.24331313184462158
High Risk,0.7774052615126533
Medium Risk,0.5400718329574066
Medium Risk,0.6648798006574707
Medium Risk,0.37221719581588003
Low Risk,0.037877885186708704
High Risk,0.75097249622707
High Risk,0.8823541948405372
High Risk,0.925237137862138
High Risk,0.7212635542408364
Low Risk,0.025566253191253194
Low Risk,0.1377885179504717
Low Risk,0.1362308948476907
High Risk,0.7779954938134709
Low Risk,0.1836098629287681
Medium Risk,0.6051247752688121
High Risk,0.815188787486282
Medium Risk,0.6024977135801858
Medium Risk,0.42888942430118926
Low Risk,0.01924819624819625
Medium Risk,0.40054054149110285
Medium Risk,0.4867839998396735
Medium Risk,0.6657418910276242
Medium Risk,0.4516184598210527
Low Risk,0.02990588578088578
High Risk,0.7283944828687473
Low Risk,0.29387859345353834
Medium Risk,0.5417478321754094
High Risk,0.9138843554289943
Medium Risk,0.5274523051587248
Medium Risk,0.6755208957708959
Medium Risk,0.5572005053030817
High Risk,0.7587095538632999
Medium Risk,0.5746878666035813
Low Risk,0.21615490677623034
Medium Risk,0.4941147702774845
Low Risk,0.06190952942406429
High Risk,0.8613897866273069
High Risk,0.9032986742263034
Medium Risk,0.5019924255224695
High Risk,0.7798627206134735
Medium Risk,0.5964393587096467
Medium Risk,0.43696420247574963
Low Risk,0.17535641303835925
Medium Risk,0.5004144253149669
Medium Risk,0.5020392291439907
Low Risk,0.030004015009184676
Low Risk,0.027263438316069893
High Risk,0.7223285267104087
Low Risk,0.1668688229555102
Low Risk,0.02907952646768436
Low Risk,0.1677409154313179
Medium Risk,0.35252696160049113
Medium Risk,0.38303608370616876
Medium Risk,0.5231359645297182
High Risk,0.8841106251375938
Medium Risk,0.6238761755167332
High Risk,0.8955502041378038
Low Risk,0.2308778309109192
High Risk,0.7381091924780803
Medium Risk,0.6864497822477753
Low Risk,0.289314880590612
High Risk,0.836964813323374
Medium Risk,0.6787553243656792
Medium Risk,0.6576544440446416
High Risk,0.7128345308025947
Low Risk,0.17590613989020365
High Risk,0.8634388460010755
Medium Risk,0.5250881930992031
Low Risk,0.03705891194861784
Low Risk,0.2439321034357799
High Risk,0.8427089254254443
Low Risk,0.0470267596986347
Low Risk,0.18869481498915988
Medium Risk,0.6414725308266742
Medium Risk,0.5405755197410615
Low Risk,0.0386489898989899
Medium Risk,0.3790014025588226
Low Risk,0.12808407972746202
Medium Risk,0.5406440704965582
Medium Risk,0.3382429872758819
Medium Risk,0.4472348040031865
Low Risk,0.05446936396936395
Medium Risk,0.6256931532015436
Low Risk,0.2519658625302074
Medium Risk,0.49590302743062376
High Risk,0.9629442219365998
Low Risk,0.11050904161198276
Low Risk,0.1952845049109056
Low Risk,0.02561190892440892
Low Risk,0.17621988387429563
Medium Risk,0.39653088788884033
Medium Risk,0.636449538415509
Medium Risk,0.5383716027670702
Low Risk,0.1383279419863928
Medium Risk,0.5820343690307841
Low Risk,0.047253080253080254
Medium Risk,0.6054848725711264
Low Risk,0.1030879732383465
Medium Risk,0.6038979107247957
Medium Risk,0.6241591544710681
High Risk,0.9232615933902701
Low Risk,0.07267611605654845
High Risk,0.723221487254094
High Risk,0.8232640201071092
Medium Risk,0.5411212074818887
Low Risk,0.1893435727608281
High Risk,0.8224454663909853
Low Risk,0.040242965367965365
Low Risk,0.12633385256927082
Low Risk,0.12335929074705264
Medium Risk,0.6690723549236899
Medium Risk,0.3232443735100469
Low Risk,0.21577373211583747
Low Risk,0.035070637695637695
Low Risk,0.16084576178035928
Medium Risk,0.6366725559573742
Medium Risk,0.4497603831067449
Low Risk,0.06114972527472525
High Risk,0.720377636252636
Low Risk,0.14354321037046291
Low Risk,0.19835229075126656
High Risk,0.7929280976974195
Low Risk,0.15969870758187826
Medium Risk,0.4267517963202949
Medium Risk,0.5627129977975509
Low Risk,0.24534721091665446
High Risk,0.7835799163771976
Medium Risk,0.5261774823688744
Medium Risk,0.6906587226360551
Medium Risk,0.5558303607985811
Low Risk,0.1643186819988291
Medium Risk,0.5393544409022348
Low Risk,0.2292159433703552
Low Risk,0.16220671253080748
High Risk,0.8740404839472512
Low Risk,0.133592516960164
Medium Risk,0.5859448512540553
Medium Risk,0.3435216321207782
High Risk,0.8049570835079727
High Risk,0.832090148016976
Medium Risk,0.4030425802897908
High Risk,0.7474364894623353
Medium Risk,0.4482613995623961
Medium Risk,0.6273255710381512
High Risk,0.7748446414350372
Low Risk,0.2275866520661328
Low Risk,0.13012776840349974
Medium Risk,0.44492372767411476
Medium Risk,0.40922748901425365
High Risk,0.9393077147525676
Medium Risk,0.5371598003377213
Medium Risk,0.42119081846945633
Low Risk,0.2118938283938286
Medium Risk,0.539754450234656
Low Risk,0.1892898282273282
Low Risk,0.023187375124875124
Low Risk,0.01702550635638871
High Risk,0.7525985119952918
Medium Risk,0.5983159110332381
High Risk,0.9737904179154176
Medium Risk,0.691086019968248
Medium Risk,0.516427659512441
Medium Risk,0.6487210422630386
Medium Risk,0.5218271861779743
High Risk,0.8645065619746016
High Risk,0.703908057311912
Medium Risk,0.5210898964342523
High Risk,0.8927815636290092
Low Risk,0.2379917422557144
High Risk,0.7901571332421419
Low Risk,0.21216516590057075
Medium Risk,0.6382010816830403
Medium Risk,0.6327879312201233
High Risk,0.7852386564150295
Low Risk,0.13657661741852917
High Risk,0.8368225989005532
Low Risk,0.16651635836205855
Low Risk,0.10009995483067341
Medium Risk,0.593854938630002
Low Risk,0.1612238980249964
Medium Risk,0.5895326704351131
Medium Risk,0.5316074226936528
High Risk,0.7580084670276243
High Risk,0.842220931144369
Low Risk,0.01399148512306407
Medium Risk,0.37940432437611143
Medium Risk,0.4287566646236553
Low Risk,0.044463189588189594
Medium Risk,0.5604568630116533
Low Risk,0.010538690476190478
Medium Risk,0.6283160803804724
Medium Risk,0.6455989400445311
Low Risk,0.1807846479209361
Medium Risk,0.632783406118604
Medium Risk,0.6335306660734696
Low Risk,0.04391424751718869
High Risk,0.8592266820819954
Low Risk,0.024992701742701743
Medium Risk,0.4963981591818875
Medium Risk,0.6088588713846068
High Risk,0.9311640381032795
High Risk,0.9370890269860855
Medium Risk,0.6752065169001455
Medium Risk,0.35626438516763587
Low Risk,0.01853950216450216
Medium Risk,0.5987462058157585
High Risk,0.7402574293052306
High Risk,0.9225814514012413
Medium Risk,0.5083019578245969
Low Risk,0.04405755967888321
Medium Risk,0.5340507063340101
Medium Risk,0.5929824307247729
Medium Risk,0.4043242413632122
High Risk,0.782396353508302
Low Risk,0.2002669743882808
High Risk,0.7271915824184427
High Risk,0.9191479770229768
Medium Risk,0.5204179357186294
Medium Risk,0.33361802013775693
Medium Risk,0.48874229733399743
Low Risk,0.009628066378066378
Medium Risk,0.6547545142550946
High Risk,0.7553550606851525
High Risk,0.7412407702665845
Low Risk,0.2972472726597083
Medium Risk,0.6050935373711362
High Risk,0.9650367088249441
Medium Risk,0.5770295967792098
Medium Risk,0.5516966896744536
Medium Risk,0.4618831122860211
Medium Risk,0.3626381327006326
Medium Risk,0.6766148967133983
Medium Risk,0.565772426252202
Low Risk,0.07644602229258451
Medium Risk,0.5144918448787927
Medium Risk,0.5473906787841972
Low Risk,0.19378799126999588
Low Risk,0.026469358766233766
Low Risk,0.15743450627603625
Medium Risk,0.4914682260810025
Medium Risk,0.5851552520595785
Medium Risk,0.5194343559401664
Low Risk,0.26382024152747846
Medium Risk,0.42123811066702105
High Risk,0.8424493223602627
Low Risk,0.05976050982620675
High Risk,0.7319795638354962
Low Risk,0.027134226884226877
Low Risk,0.05309814760402995
Low Risk,0.25201316094484744
Medium Risk,0.5308656959951782
High Risk,0.7248025823448778
High Risk,0.8236446243564913
Medium Risk,0.4011208615730675
Medium Risk,0.5346541008011596
Low Risk,0.17746933050609515
Low Risk,0.00125
Low Risk,0.1442955040658509
High Risk,0.8605817947037983
Low Risk,0.10495803557796543
Medium Risk,0.4115502648628517
Medium Risk,0.6841366662539761
High Risk,0.8337760962859613
High Risk,0.7063159041046098
Low Risk,0.013126984126984128
Low Risk,0.0774461002233061
High Risk,0.7988152717764581
Medium Risk,0.5854992863338283
High Risk,0.8530461477945194
Low Risk,0.19235094433220404
Medium Risk,0.5435723885653015
Medium Risk,0.6413219227697148
Low Risk,0.2862236368547945
High Risk,0.7735810935229138
High Risk,0.7564375754704343
High Risk,0.7799429157953766
Medium Risk,0.3640467832820775
Medium Risk,0.36223106754356765
Medium Risk,0.412633390173638
Medium Risk,0.6072089660459526
High Risk,0.9299767226237815
Low Risk,0.057288142413142416
Medium Risk,0.5944452050802618
Medium Risk,0.539472236397933
High Risk,0.8134968764557341
Medium Risk,0.47647734603288017
Low Risk,0.00702097902097902
High Risk,0.8128390168538197
Medium Risk,0.5852051720209616
Medium Risk,0.4800401849612374
Medium Risk,0.6173909821451069
Low Risk,0.26932962339947625
High Risk,0.7682074688986771
Medium Risk,0.5796554228766098
Low Risk,0.045122432306255844
High Risk,0.800982529333626
High Risk,0.9050245467709547
Medium Risk,0.6198863037414092
Low Risk,0.2536523414451046
High Risk,0.7763046173923527
Low Risk,0.20234915413978224
Low Risk,0.03597513189424954
Low Risk,0.18734566147646647
Medium Risk,0.6883746582694883
Medium Risk,0.3030518739377847
Medium Risk,0.3631559306706367
High Risk,0.7508736255574489
High Risk,0.7508556037529721
Low Risk,0.1172201149741284
Low Risk,0.1805005395934189
Medium Risk,0.6544864393648256
Medium Risk,0.4577799776044813
Low Risk,0.1951817367573946
High Risk,0.8056661530201167
Low Risk,0.030770479520479524
High Risk,0.9535473261943851
Medium Risk,0.6874850069048989
Low Risk,0.0794783087283087
High Risk,0.7486620504920153
Low Risk,0.13635556028938373
Low Risk,0.09664720124646596
Medium Risk,0.5563505680605191
High Risk,0.8989115616788977
High Risk,0.7826907804997209
High Risk,0.9655726218226219
High Risk,0.9050197976043565
Low Risk,0.15920636964658189
Low Risk,0.1607984362412268
High Risk,0.7372302745490176
Low Risk,0.015949428022957433
Medium Risk,0.5514596112692075
Low Risk,0.25014994867104007
Medium Risk,0.5336300241199916
Medium Risk,0.6178694986664867
High Risk,0.8434411942224443
High Risk,0.9116249357837498
Low Risk,0.19243983059424238
Medium Risk,0.5385718953406785
Medium Risk,0.5672750305047068
Low Risk,0.21245974909399654
Medium Risk,0.5898590226986821
Low Risk,0.28765119772952263
Medium Risk,0.5991182469754291
Medium Risk,0.6519425768543168
Medium Risk,0.5305636681793332
High Risk,0.7607875941085233
Medium Risk,0.6249341010296893
Medium Risk,0.5597673525949455
Medium Risk,0.44076938373866503
Medium Risk,0.5184860254882007
High Risk,0.7981642581035754
Low Risk,0.023811341436341435
Medium Risk,0.5146898440601342
Medium Risk,0.6238859119266603
Medium Risk,0.6526869298265189
Low Risk,0.13165977601554238
Low Risk,0.13041394634776982
Medium Risk,0.5677316982251221
Low Risk,0.031567918192918196
Medium Risk,0.6374914241832415
Low Risk,0.24667862203156318
High Risk,0.7584260019472793
Medium Risk,0.48089777280126766
Low Risk,0.20068900563231057
Medium Risk,0.5094138915206848
Medium Risk,0.604214688748701
Low Risk,0.18870751489215074
Medium Risk,0.3020390449119164
Medium Risk,0.5930721536106014
Medium Risk,0.684462886654119
Medium Risk,0.4170980899801123
High Risk,0.9064766289674373
Low Risk,0.09365768624650204
Low Risk,0.17869246070268663
High Risk,0.7221235737160795
Medium Risk,0.6508217575946597
Medium Risk,0.5199540524834642
Medium Risk,0.5752199095127299
Low Risk,0.14616689193159785
Medium Risk,0.5769402982321717
Medium Risk,0.5172834864990006
High Risk,0.7919337967500405
High Risk,0.8601013205755959
Low Risk,0.18813892765730997
Low Risk,0.02265491452991453
Low Risk,0.07983876540749271
Medium Risk,0.5831214487963438
High Risk,0.7737494205112101
High Risk,0.887928250626581
High Risk,0.706640000352541
High Risk,0.7533707923523423
Low Risk,0.13778983194859123
Medium Risk,0.5161961121905592
Low Risk,0.1908764999620262
High Risk,0.8177592909936042
Low Risk,0.26087688773215095
High Risk,0.9374093406593405
Low Risk,0.28840194612891973
Medium Risk,0.37637024251680734
Low Risk,0.014152777777777776
Low Risk,0.11646668089265386
Medium Risk,0.5600423506436091
Low Risk,0.2269085457026634
Medium Risk,0.6656630154971701
High Risk,0.8984141801181277
Low Risk,0.024902763902763903
Medium Risk,0.562350685766789
Medium Risk,0.5308726476467305
High Risk,0.8447218472689635
Medium Risk,0.5695609235115068
Medium Risk,0.4467458091552718
High Risk,0.8464658163675669
Medium Risk,0.46560063848260436
Low Risk,0.16962525596415845
High Risk,0.9405304984766193
Low Risk,0.2857480894497106
High Risk,0.7404397244099166
Low Risk,0.18549577918160998
High Risk,0.8676811657333314
Medium Risk,0.6215313325785845
Medium Risk,0.5920949910121506
Medium Risk,0.6692318066317013
Medium Risk,0.5526317359111478
Medium Risk,0.6674485905860225
High Risk,0.9439900738150739
Medium Risk,0.5200945063063871
High Risk,0.7895990566440303
Medium Risk,0.38659561506697726
Medium Risk,0.6104673006331364
Low Risk,0.2054966418385535
Low Risk,0.010071248196248196
Low Risk,0.09332364285691681
High Risk,0.962236303048803
Medium Risk,0.30172353828362203
Medium Risk,0.5668323941773852
Medium Risk,0.5821732743030352
Low Risk,0.030485001110001103
Low Risk,0.040365285857932906
Low Risk,0.14457762561014417
Low Risk,0.019246042001476782
Low Risk,0.19289142255909172
High Risk,0.8076952028280079
Medium Risk,0.6664044146436348
Medium Risk,0.5442196463858071
High Risk,0.7178927781382414
Low Risk,0.2383280245081716
Medium Risk,0.5917805004893703
High Risk,0.8342601908839129
High Risk,0.9183872759185256
Medium Risk,0.5551166652334438
Medium Risk,0.49229310194974546
Low Risk,0.19848930930180933
Low Risk,0.08580183623565973
Medium Risk,0.45089582167203324
High Risk,0.9545789442039443
High Risk,0.7501748586759774
Medium Risk,0.640142483053335
Low Risk,0.18931948484522024
Medium Risk,0.47351628507801086
Medium Risk,0.6100696364623616
High Risk,0.8261666924456006
High Risk,0.7164286198481843
High Risk,0.7127479073674757
Medium Risk,0.4765409063859847
Medium Risk,0.5866321987962245
Low Risk,0.23876994626432935
Medium Risk,0.5490991019776148
High Risk,0.7905636447249358
Medium Risk,0.476578470638746
Medium Risk,0.6174755455635228
High Risk,0.8147933659008725
Medium Risk,0.325137555663291
Medium Risk,0.6615270873554667
High Risk,0.9459710012210009
Low Risk,0.04710438172938173
Low Risk,0.23321603314985673
Medium Risk,0.6401595719746296
Medium Risk,0.6339580036090813
High Risk,0.8430168465779775
Medium Risk,0.48037558131153363
Medium Risk,0.6313895499300424
Medium Risk,0.524404226202845
Medium Risk,0.6446581288396324
Medium Risk,0.6717869054503635
Low Risk,0.020215973568914743
High Risk,0.7849904188573567
High Risk,0.7405718120664149
High Risk,0.9499884212104803
High Risk,0.9385171703296706
Medium Risk,0.33840428989654997
High Risk,0.7626354525348981
Medium Risk,0.333802065989566
High Risk,0.8381200333186447
Low Risk,0.05033990315240315
Medium Risk,0.48211794510111433
High Risk,0.7340657580809966
Low Risk,0.1461041388732894
Medium Risk,0.4627058876366153
Low Risk,0.19329867708960427
Medium Risk,0.35860825900106086
Medium Risk,0.5046828661104975
Medium Risk,0.6630915602946051
High Risk,0.7283488177127877
Medium Risk,0.5217863533412239
Medium Risk,0.5869854088912794
Low Risk,0.17271014940702262
Medium Risk,0.6435118693814752
Low Risk,0.045062206992354054
High Risk,0.8401787903828651
Low Risk,0.04070202713952714
Medium Risk,0.6802337424742783
Low Risk,0.10875834051569341
Low Risk,0.07903764312430521
Medium Risk,0.6633869758123929
Low Risk,0.02241627122877123
Low Risk,0.012232295482295484
Medium Risk,0.6049267410733923
Medium Risk,0.44805430205759145
Low Risk,0.26805960319350414
Low Risk,0.02461354617604618
Medium Risk,0.46766457895949576
Medium Risk,0.609653352183555
High Risk,0.9628054054863265
High Risk,0.8424824945820895
Low Risk,0.0241164709473533
Low Risk,0.1821806918712344
High Risk,0.7190561625592052
Medium Risk,0.554677955611822
Medium Risk,0.6708153212632524
High Risk,0.8505064228657937
High Risk,0.9369785349239683
High Risk,0.9027000834133184
Medium Risk,0.5693866224289987
Low Risk,0.07222894145150244
High Risk,0.7124810754428065
Low Risk,0.2628990254027017
Low Risk,0.2796965973532121
Medium Risk,0.4873074156450702
Medium Risk,0.5325786019266208
Medium Risk,0.49284442628593284
Low Risk,0.1011468856110083
High Risk,0.7324813445188785
Medium Risk,0.6337860688500234
Medium Risk,0.6371202269072203
Medium Risk,0.3356763715730435
Low Risk,0.038312153489785075
High Risk,0.816538824456987
Low Risk,0.09931307026307025
Medium Risk,0.5888376399280698
Medium Risk,0.6243063265972962
Medium Risk,0.6616945519945786
Medium Risk,0.49180372864870103
High Risk,0.899424855628667
Medium Risk,0.50203693831991
High Risk,0.7862050054340619
Low Risk,0.22458879195517129
High Risk,0.8406639303697452
High Risk,0.817789232163437
Low Risk,0.1797406223858932
Medium Risk,0.35383384140369434
Medium Risk,0.515068372571156
High Risk,0.8591883273803234
Low Risk,0.12136235713238751
Low Risk,0.06492741286491284
High Risk,0.9414432789432791
Low Risk,0.2754068010807563
High Risk,0.8977567720138236
Medium Risk,0.644197625886139
Medium Risk,0.46514756184518224
Medium Risk,0.5373338474360554
High Risk,0.8572460032363922
High Risk,0.7872286793245812
Low Risk,0.028699966699966696
Medium Risk,0.4737768392812901
Medium Risk,0.43985739516331634
Medium Risk,0.6453684525794208
Low Risk,0.03922377008096823
High Risk,0.8121759524887926
High Risk,0.9344198772491876
Low Risk,0.14043802602105157
Medium Risk,0.356612112560642
Medium Risk,0.5226235790395328
Low Risk,0.1852488977451879
Low Risk,0.029900764440238117
Medium Risk,0.6683645394337825
Low Risk,0.020884615384615387
Medium Risk,0.38220927765761364
High Risk,0.8158855933479411
Low Risk,0.0623950804097863
High Risk,0.72546253327748
Medium Risk,0.6274049334360081
Medium Risk,0.30712794884853717
High Risk,0.7928703123369103
Medium Risk,0.5238657977007656
Medium Risk,0.31333275452810133
High Risk,0.8269864196860607
Low Risk,0.05364655628609118
High Risk,0.7285431778189131
High Risk,0.9607118367743367
Medium Risk,0.3147765620387525
Medium Risk,0.6727092497091155
High Risk,0.7484807785560913
Medium Risk,0.4813506549350201
Low Risk,0.1500742089393154
High Risk,0.8163313140242283
Medium Risk,0.4921258823637082
High Risk,0.8939902494034839
High Risk,0.7040722814120365
High Risk,0.7802066999766076
Medium Risk,0.4893435834837279
High Risk,0.9433637848506268
Low Risk,0.2713590110654739
Low Risk,0.11232759137879628
Low Risk,0.09650582914410713
Medium Risk,0.36216067347685005
Medium Risk,0.39597527192901194
Low Risk,0.08885642294148459
Medium Risk,0.5388275467244044
High Risk,0.761981847969984
Low Risk,0.20827200108280905
Low Risk,0.24054481221392998
High Risk,0.9621150056084267
Low Risk,0.015209415584415584
High Risk,0.7660505336207738
High Risk,0.7581886087465192
Medium Risk,0.5338992073696496
Low Risk,0.1556343866635979
High Risk,0.7583963610644321
Low Risk,0.022625511743158806
Low Risk,0.00898110661268556
High Risk,0.7298335835565246
High Risk,0.8212568517836223
Low Risk,0.06483135759589247
Low Risk,0.2251981620946321
High Risk,0.7360461974350033
Medium Risk,0.44683308923109905
High Risk,0.7045414746551732
Medium Risk,0.6195604009996426
Medium Risk,0.5735853512456504
Medium Risk,0.5810890169776722
Low Risk,0.10222763803940024
High Risk,0.7690459929881573
Low Risk,0.2546935868354212
Medium Risk,0.5314174641946607
Low Risk,0.016464396714396715
Medium Risk,0.47563055266928744
Medium Risk,0.6417740389045105
Medium Risk,0.5661490679140005
High Risk,0.8310635867057098
High Risk,0.9352079587079588
Medium Risk,0.5395653957522532
High Risk,0.805714294424476
Medium Risk,0.35796713984330064
Low Risk,0.1517513989708262
Medium Risk,0.32744726584699163
Low Risk,0.14287857713522584
High Risk,0.9524702103452104
Low Risk,0.20239473026973034
Medium Risk,0.4458790723165724
Medium Risk,0.6397529023749748
Medium Risk,0.5667527794136257
High Risk,0.8243008929001574
High Risk,0.7811397286236431
Medium Risk,0.38381831807683203
Medium Risk,0.6335490395568971
High Risk,0.8814890694018778
Medium Risk,0.33257371739028085
Medium Risk,0.6548303807907055
Medium Risk,0.5588979587910344
High Risk,0.8321029313029312
Medium Risk,0.5393157134519102
High Risk,0.858261251202605
Low Risk,0.07868697968697969
High Risk,0.8705750505772228
Low Risk,0.012452436452436454
Medium Risk,0.530487276556929
Medium Risk,0.5818902588404021
Low Risk,0.01407142857142857
Medium Risk,0.4756855118172619
Low Risk,0.15893153933048262
Low Risk,0.19251919804464618
Medium Risk,0.5701249620644293
Medium Risk,0.6962761601511596
Medium Risk,0.5689710496106811
Medium Risk,0.3506950954168026
Medium Risk,0.5200342170347838
Medium Risk,0.6792359980108981
Low Risk,0.22109099519689226
Low Risk,0.24793959436149599
High Risk,0.7329914269726386
Medium Risk,0.35022604414419417
High Risk,0.9264098568914743
High Risk,0.7263961178746867
Medium Risk,0.3599503666268373
Medium Risk,0.64252654773996
Medium Risk,0.4515021454293898
High Risk,0.7586078842103254
Medium Risk,0.562953224728393
Medium Risk,0.5175674928225297
Medium Risk,0.5206703759818085
Medium Risk,0.6168515548669089
High Risk,0.7644067627947432
Medium Risk,0.44752278968493114
Medium Risk,0.4336948535708876
Low Risk,0.06024314574314573
Low Risk,0.10967517472095467
High Risk,0.7288461054963746
Low Risk,0.23000075350885232
Medium Risk,0.4142040745818845
Low Risk,0.06982663415016355
Low Risk,0.03633083062770563
Low Risk,0.03245911033411033
Medium Risk,0.305969780580835
Medium Risk,0.5238578727753035
Medium Risk,0.3473481942893708
Low Risk,0.06845821498762673
Medium Risk,0.33587169282815565
Medium Risk,0.6067868583729653
Medium Risk,0.6799906361277357
High Risk,0.8277109024142553
Low Risk,0.26492975232971366
Medium Risk,0.40909105885944136
High Risk,0.8096646592678906
Medium Risk,0.5515500737064117
Medium Risk,0.5987333548752987
Low Risk,0.19669337688455335
Medium Risk,0.41157644441042274
Low Risk,0.2177786111510757
Medium Risk,0.5221284591165183
Medium Risk,0.3913871900770903
Low Risk,0.09640633467839349
Low Risk,0.24570812874033557
Medium Risk,0.6648332095612943
Medium Risk,0.5196147427399652
Medium Risk,0.4606059353929243
High Risk,0.8335571548833787
Medium Risk,0.5452832818112551
Medium Risk,0.5405967573997381
High Risk,0.7588071809143239
Medium Risk,0.43707861417713256
Low Risk,0.016225912975912974
Medium Risk,0.3303464385416786
High Risk,0.7771959620616742
Low Risk,0.2331327806180748
Low Risk,0.2215554370221383
Low Risk,0.1581679393286565
Medium Risk,0.6117318447376493
High Risk,0.9461138444888445
Medium Risk,0.4735115399402023
Low Risk,0.03824323593073593
Medium Risk,0.4095395919368442
Low Risk,0.13651649565175106
Medium Risk,0.6623273401435164
Low Risk,0.026712426462426463
Medium Risk,0.47182961126420847
Medium Risk,0.6926979438045616
Low Risk,0.15857434086381456
Medium Risk,0.30379255793226395
High Risk,0.8979516130064734
Medium Risk,0.5194392537879211
Medium Risk,0.5468855848806667
Medium Risk,0.47861957133884225
Medium Risk,0.6365127095442618
Low Risk,0.02162443281001465
Low Risk,0.11898185808686414
Medium Risk,0.5203798484633291
Medium Risk,0.6014059613131588
Low Risk,0.11340641303141304
Medium Risk,0.6474437574383143
High Risk,0.7712249590117685
Medium Risk,0.32642335891232954
Medium Risk,0.4883976540203135
Low Risk,0.2819163267288267
Medium Risk,0.6178906046684057
Low Risk,0.1536986807411856
Medium Risk,0.5011889968906219
High Risk,0.958296153465271
High Risk,0.9415955461377284
Medium Risk,0.3152214343662873
Medium Risk,0.40792943412796345
Medium Risk,0.625858311178063
Medium Risk,0.5392110639298555
High Risk,0.7448983505967963
High Risk,0.9135622016872016
Medium Risk,0.6264967857084197
Medium Risk,0.554132123602331
Low Risk,0.014252886002886003
Medium Risk,0.5005351863856421
High Risk,0.8663819905538293
Low Risk,0.10968117276085669
Low Risk,0.2446445310250451
Low Risk,0.0484266362292678
Medium Risk,0.3255458903841257
Medium Risk,0.5611368720223788
Medium Risk,0.5309627151678129
Low Risk,0.16294175979808942
Low Risk,0.1605385965071532
High Risk,0.7205529182089582
Medium Risk,0.4922092624697716
High Risk,0.7588946147311304
Medium Risk,0.5345592296232186
Medium Risk,0.5060368936618934
High Risk,0.9539074726991928
High Risk,0.8456479560661007
Medium Risk,0.40730250607665464
Medium Risk,0.435717070253448
Medium Risk,0.3669037679276045
Medium Risk,0.5997209096404813
Low Risk,0.19015955735441037
Medium Risk,0.5705497872252783
High Risk,0.9558036444764384
Medium Risk,0.33270563140671405
Medium Risk,0.484299328081182
Medium Risk,0.6709709137185027
High Risk,0.9012508847477748
Medium Risk,0.4377280120335459
Medium Risk,0.3933320631338133
Medium Risk,0.5840354338806298
Medium Risk,0.6521854985723187
Low Risk,0.11750717409784026
Low Risk,0.15019312671563909
Medium Risk,0.6117365522609072
Low Risk,0.0870565953654189
Medium Risk,0.6020076698582412
High Risk,0.7526484271938949
Low Risk,0.024328324453324456
Medium Risk,0.6298177150987679
High Risk,0.7001137033357729
Medium Risk,0.6912669136428709
Medium Risk,0.5953759438653864
Medium Risk,0.5161775986622411
Medium Risk,0.6245863115609486
Low Risk,0.2765988909611201
High Risk,0.9657318817756315
Low Risk,0.1859405241293701
High Risk,0.8303769588251139
Low Risk,0.022925532800532798
Medium Risk,0.531909945788266
Medium Risk,0.40036800114660026
Medium Risk,0.6306805751268584
High Risk,0.8052657109455178
High Risk,0.914953389747507
Medium Risk,0.46404011355829783
Low Risk,0.26568029957658457
Medium Risk,0.3438252102429733
Low Risk,0.0885534466222791
High Risk,0.9675896268266245
Low Risk,0.021419719169719173
Medium Risk,0.47025101019569654
High Risk,0.768296597193656
Medium Risk,0.34971119985535637
Low Risk,0.09985441274411859
Low Risk,0.041816599207466075
Medium Risk,0.5176816495982517
Medium Risk,0.6089670812830603
Medium Risk,0.5591786289615979
Medium Risk,0.5331163032800386
Medium Risk,0.34374454254185716
Low Risk,0.21729483021139762
Medium Risk,0.40737805304468055
Medium Risk,0.5539667885180467
Medium Risk,0.35342370614421703
Medium Risk,0.4348302537356891
Medium Risk,0.30936844895300786
Low Risk,0.018071895424836604
Medium Risk,0.3125030272702873
Medium Risk,0.5665541984030765
Low Risk,0.29289422696040346
Medium Risk,0.6693582333295366
High Risk,0.8830696366401232
Medium Risk,0.36482343934491335
Medium Risk,0.5312282764507069
Medium Risk,0.631815241285451
Medium Risk,0.6434093497134475
Medium Risk,0.5996724576840673
High Risk,0.9663723882326825
High Risk,0.9858147546897549
Medium Risk,0.6017047323773752
Medium Risk,0.594812481838025
Medium Risk,0.5050344808352931
Medium Risk,0.6680057774884095
Medium Risk,0.5419951210014186
Low Risk,0.125062365512573
Medium Risk,0.6213523363036324
Low Risk,0.024934634809634808
Medium Risk,0.5978760450555518
Medium Risk,0.3674529359529359
Medium Risk,0.35512233451532965
Medium Risk,0.6649163566428352
High Risk,0.7903034526042326
Low Risk,0.1578397888661046
Medium Risk,0.41337864526822105
Low Risk,0.27301301519258186
Low Risk,0.11161903512489182
Low Risk,0.01171482683982684
Medium Risk,0.6401387804736772
Medium Risk,0.40698171316127957
Medium Risk,0.6740367962205618
High Risk,0.7872908490887534
Low Risk,0.017275946275946273
Medium Risk,0.4905568052607245
Medium Risk,0.5537457773648627
Medium Risk,0.634240466603938
Medium Risk,0.502546021665516
Medium Risk,0.5954017556340607
Medium Risk,0.6632082402997128
Medium Risk,0.5344889926078396
Medium Risk,0.5925290191926927
Medium Risk,0.521158760553429
Medium Risk,0.6571117012238639
Medium Risk,0.5304490069566286
Low Risk,0.14347781099157186
Medium Risk,0.6343997936689498
Low Risk,0.09445101060889044
High Risk,0.7518101836600478
Low Risk,0.038001949439449435
High Risk,0.7854407952513602
Medium Risk,0.5490378465360839
Low Risk,0.29627504152194567
Medium Risk,0.6182294169062666
Low Risk,0.0420671966921967
Low Risk,0.16820191244514004
High Risk,0.8511050778401041
Medium Risk,0.444471034185101
High Risk,0.7330065889292495
Low Risk,0.012230848861283642
Medium Risk,0.44287098244789375
Low Risk,0.02832782495282495
Low Risk,0.28696604010168264
Medium Risk,0.5961480820102991
Medium Risk,0.5053178121633375
High Risk,0.7049146372837362
Medium Risk,0.5780098352385931
Medium Risk,0.5108924431817098
Low Risk,0.16163977761682977
Medium Risk,0.5143129191676237
Medium Risk,0.5493832703658679
High Risk,0.7787140008666981
Medium Risk,0.661775855086537
Low Risk,0.19952843820760272
Low Risk,0.013651785714285714
Medium Risk,0.6859206016936282
Low Risk,0.18742867179689934
High Risk,0.8134301309907453
High Risk,0.723898404572572
Low Risk,0.13170711760912066
High Risk,0.827310680652639
Low Risk,0.02108170995670996
Medium Risk,0.6234350660458486
Medium Risk,0.5873984619824675
Medium Risk,0.5802115868880574
Low Risk,0.11726599299393416
Medium Risk,0.6570175785199445
Low Risk,0.09118909440232967
Medium Risk,0.6900962517955302
Medium Risk,0.6864362375853122
Low Risk,0.16620367949141396
High Risk,0.968114441114441
Low Risk,0.21777918695763038
Low Risk,0.01616883116883117
High Risk,0.7542063062505836
Medium Risk,0.36315867575873967
Low Risk,0.17806783943181004
High Risk,0.7289841716525655
Medium Risk,0.5602226489763396
High Risk,0.7320784889130469
Medium Risk,0.39466879850026126
Medium Risk,0.36662259186891555
High Risk,0.8314454817830219
Low Risk,0.027734665253047602
Low Risk,0.14220469293251553
Medium Risk,0.6386694007434285
Low Risk,0.12136976095745246
Medium Risk,0.33295892119576337
Medium Risk,0.6125417403272233
High Risk,0.8244300746123507
Low Risk,0.13809173261379148
Medium Risk,0.6937705975199556
Low Risk,0.25354041781457054
Medium Risk,0.4520253772385426
Medium Risk,0.5667903988641216
Medium Risk,0.5749686351796934
Low Risk,0.2799819471678992
High Risk,0.8231842790248112
Medium Risk,0.5664702401201356
Low Risk,0.12865174746549002
High Risk,0.7614792640861247
Low Risk,0.05031737217031334
Low Risk,0.10656448909697427
Medium Risk,0.5750162550868881
Medium Risk,0.5448761440228158
Medium Risk,0.6487570558648106
Low Risk,0.2884981411513412
Medium Risk,0.5429983309199834
Medium Risk,0.5696303097186993
High Risk,0.7557058547675807
Low Risk,0.2298753876842113
Low Risk,0.24053632648965134
Medium Risk,0.5623647218963799
Low Risk,0.27806642866937
Low Risk,0.011022435897435895
Medium Risk,0.5588921601776602
Low Risk,0.11888628823222813
Medium Risk,0.5945794719084746
Low Risk,0.2663377159425285
High Risk,0.7120226189616559
Medium Risk,0.5890689067908454
Medium Risk,0.547379465170344
Medium Risk,0.6585530490371019
High Risk,0.9549134934875066
Low Risk,0.035690506082969316
High Risk,0.8234688703903522
Low Risk,0.15379083414373196
Low Risk,0.28234973610818115
Low Risk,0.24878364468790146
Medium Risk,0.5440196808910044
Low Risk,0.22059707512225252
Low Risk,0.10920409696512635
Medium Risk,0.6508862954805319
Medium Risk,0.5571717387686735
Medium Risk,0.6802368688227393
High Risk,0.7379250728038338
Medium Risk,0.5800183924001063
Low Risk,0.016258560883560882
Medium Risk,0.44942058650351335
Medium Risk,0.47971350766522647
Medium Risk,0.3102550417325518
Medium Risk,0.5161464707677943
Medium Risk,0.5961427886075209
Medium Risk,0.5134121294112954
High Risk,0.7806704986915327
Low Risk,0.28705687135481944
Medium Risk,0.4840348036870237
Medium Risk,0.348870600546684
Medium Risk,0.6571261873082151
High Risk,0.8214110659272407
Medium Risk,0.3548508002145773
Medium Risk,0.6493724840904747
High Risk,0.7781507978773337
Medium Risk,0.575695608403797
Medium Risk,0.5880663092297008
Medium Risk,0.5818848549417023
Medium Risk,0.37224975632812324
Medium Risk,0.5418303022822368
Medium Risk,0.6143870946553142
High Risk,0.8851118078100284
High Risk,0.7682912044096253
High Risk,0.7600424959997956
Medium Risk,0.5476633881009276
Medium Risk,0.6347248345125817
Medium Risk,0.5081805060282015
Medium Risk,0.3787623738705397
Medium Risk,0.6062863435581999
Low Risk,0.17777049604712047
High Risk,0.7018596101023697
Medium Risk,0.6103292003833798
High Risk,0.7085581773532625
Low Risk,0.018563300261829677
High Risk,0.8031376038914825
Low Risk,0.1935188260461791
Low Risk,0.12506546945719094
Medium Risk,0.3046319308318401
High Risk,0.7892868671492931
High Risk,0.7027836399741154
Low Risk,0.20535247655304079
Medium Risk,0.3020213789759935
Low Risk,0.14342476116119618
Medium Risk,0.3984016896028283
Medium Risk,0.3373288579970082
Medium Risk,0.6548886118325871
Medium Risk,0.4965750512233669
High Risk,0.8712951675110386
Low Risk,0.1400395421571892
High Risk,0.8696490373445782
Medium Risk,0.6299047635928526
Medium Risk,0.45388388368167776
High Risk,0.7406320388387999
Low Risk,0.1725806424292974
Low Risk,0.03472682178932178
Medium Risk,0.6071904532220364
Low Risk,0.17525722597344667
Medium Risk,0.5116127821915232
Medium Risk,0.42242021081773407
High Risk,0.7055683205315008
Low Risk,0.10637245148642206
Low Risk,0.20005550944508269
Medium Risk,0.45334869378987025
High Risk,0.8691498318758447
Low Risk,0.029628780941280942
High Risk,0.7707069237382167
Medium Risk,0.45675801136414246
Low Risk,0.20012214303880402
Medium Risk,0.5690604798490413
Low Risk,0.10897785955874185
High Risk,0.857021740316881
Medium Risk,0.567660912666374
Medium Risk,0.3571700703622143
Medium Risk,0.6855208304014678
High Risk,0.9582254042254044
Low Risk,0.13080528172807576
Medium Risk,0.5118128332110049
Low Risk,0.14070967158486508
Medium Risk,0.4856657996286482
Medium Risk,0.3397065915895251
High Risk,0.8053902066071181
Low Risk,0.13250053337185688
Medium Risk,0.5492456295168475
Medium Risk,0.584590891092052
Low Risk,0.09290776870188637
Medium Risk,0.48489892488962844
Medium Risk,0.4940638579060893
Medium Risk,0.5327694812275174
Low Risk,0.1239624125874126
Low Risk,0.060651953948828954
Low Risk,0.25958737247052477
Low Risk,0.07036924023688729
Low Risk,0.21605371046902733
Medium Risk,0.6877037470074767
High Risk,0.9620161586497791
Medium Risk,0.4833609197590612
Medium Risk,0.420146214767345
High Risk,0.8936060972580776
Low Risk,0.03446247502497503
High Risk,0.8765204106235427
Medium Risk,0.6024307666975502
High Risk,0.8345790598923941
High Risk,0.7963260039037651
Low Risk,0.1528115705240917
High Risk,0.9687431324122503
Low Risk,0.04136535727344551
Medium Risk,0.5514623368332731
High Risk,0.800641278519955
Medium Risk,0.39028451124039376
High Risk,0.8904245910522226
Low Risk,0.03156082520420756
Medium Risk,0.5997327728920898
Medium Risk,0.3006359299240492
Low Risk,0.28673750265042847
Medium Risk,0.4046555299061104
Medium Risk,0.6928903159167897
Medium Risk,0.4011472555652121
Medium Risk,0.4884401778790648
Medium Risk,0.6236934041156765
Medium Risk,0.64480280592845
High Risk,0.7362885886127789
Medium Risk,0.543740822881109
High Risk,0.9113556859806861
Low Risk,0.027369551166426163
Medium Risk,0.6088520590041188
Medium Risk,0.5936879827092428
Medium Risk,0.6049898766322488
Low Risk,0.034128968253968245
High Risk,0.7145967160756177
Medium Risk,0.46095205376478793
Low Risk,0.0412124888999889
Low Risk,0.12136745274388293
Low Risk,0.11908695050984024
Medium Risk,0.38990193696127
Low Risk,0.1893816598326744
Medium Risk,0.6672746116407131
Medium Risk,0.48414795279014944
High Risk,0.9135552190208158
Low Risk,0.020904723544429425
Medium Risk,0.6700232471943497
Low Risk,0.10136025374446589
Low Risk,0.1761345190596624
Medium Risk,0.5139539753547105
Medium Risk,0.5146075196456855
Low Risk,0.2652797512944573
Low Risk,0.015486263736263738
Low Risk,0.21871970431529253
Low Risk,0.07748943591131091
High Risk,0.8553485231283037
Medium Risk,0.617109247808965
Medium Risk,0.6513881190504595
High Risk,0.8659821426657994
Low Risk,0.022979728604728605
High Risk,0.7634286101225676
Medium Risk,0.5450671655235685
Medium Risk,0.5077042628638989
Medium Risk,0.6131879412406908
Low Risk,0.08933380190322299
Medium Risk,0.6357292869167867
Medium Risk,0.5101321028420661
Medium Risk,0.49214101879069394
Medium Risk,0.5619803976617915
High Risk,0.7961172684500378
Low Risk,0.16398543328746182
Medium Risk,0.5187342517003407
Medium Risk,0.5579337222295817
High Risk,0.7777394615737101
Medium Risk,0.6523289061294224
Medium Risk,0.4976385487357156
High Risk,0.7655579359751337
Low Risk,0.06469665138782785
Medium Risk,0.510954806700337
High Risk,0.8180362657375759
High Risk,0.7774405629146789
High Risk,0.8043861790336015
Low Risk,0.060786796536796556
Medium Risk,0.5435902853444189
High Risk,0.9497078407703406
Medium Risk,0.6491561788378086
Medium Risk,0.5103716555361396
High Risk,0.9506238372738374
Medium Risk,0.48885279983642
Medium Risk,0.48535351284536765
Medium Risk,0.4360818585155553
High Risk,0.8637185797634744
Low Risk,0.08927567021472417
Medium Risk,0.58175112769927
Low Risk,0.01956415643180349
Medium Risk,0.5446375129559539
High Risk,0.7883504791504788
Medium Risk,0.4744861127312884
Low Risk,0.046293560971192554
High Risk,0.8704398325401747
Medium Risk,0.6550532665863549
Medium Risk,0.474277555055301
Medium Risk,0.6033804943324927
Medium Risk,0.6331588001709262
Low Risk,0.18532309969442326
High Risk,0.8040445887091922
High Risk,0.8620676313950519
Medium Risk,0.5274906560077542
Low Risk,0.14033658743217564
Medium Risk,0.5913202335437825
Medium Risk,0.48008773169879276
Medium Risk,0.6030028964687218
Low Risk,0.2431079485811248
Medium Risk,0.5356772759841688
High Risk,0.8645711943526895
High Risk,0.7505904058357272
Medium Risk,0.4606057694240744
Medium Risk,0.3116140075954317
Low Risk,0.21867538669956513
High Risk,0.7638838253732549
Low Risk,0.031619137806637804
Low Risk,0.1484991740285857
High Risk,0.7827558126179583
Low Risk,0.22381907142514038
High Risk,0.8098049091358984
Low Risk,0.06434771478521478
Medium Risk,0.3248448206678083
Low Risk,0.22767357356695592
High Risk,0.9031462249881996
Medium Risk,0.45460202501746644
Medium Risk,0.430741284906046
Medium Risk,0.4795498768302559
Low Risk,0.02801196026196027
High Risk,0.8733923574582421
Low Risk,0.1876176579053901
High Risk,0.8708758422239885
Low Risk,0.016778083028083025
Low Risk,0.021288369870305843
Low Risk,0.25889141577376884
High Risk,0.8418076435429899
Low Risk,0.22205773666515355
Medium Risk,0.4169614845079242
Low Risk,0.022472832722832722
Low Risk,0.019418650793650793
Medium Risk,0.6730256139739162
Medium Risk,0.3996181790736248
Low Risk,0.10636798655135919
Medium Risk,0.5621489120600658
Low Risk,0.13963422504362571
Low Risk,0.09143716618348971
Medium Risk,0.5856714563711138
Medium Risk,0.5719888546180482
Low Risk,0.20616974202268318
High Risk,0.956787838358959
Low Risk,0.21854150710400722
Medium Risk,0.38841027352547397
Low Risk,0.060777312964812966
Medium Risk,0.5550719186677715
Low Risk,0.02749675324675324
Low Risk,0.1225258997538409
Medium Risk,0.4349337625738556
High Risk,0.8449753181821035
High Risk,0.830814946529918
Low Risk,0.03666051492367281
Medium Risk,0.632134307129114
High Risk,0.847900690955923
High Risk,0.7707774369615613
Low Risk,0.12828077423246564
Low Risk,0.09756217669571594
Low Risk,0.18178348310186543
High Risk,0.7479522961701754
Low Risk,0.13943476090902565
Medium Risk,0.33543714994585744
High Risk,0.809640173965003
Medium Risk,0.5025015431434393
Low Risk,0.22568564695538382
Low Risk,0.030045294982794984
Medium Risk,0.625377785334058
Medium Risk,0.6821070488748698
Medium Risk,0.5824943768211381
Medium Risk,0.5637251064959985
Medium Risk,0.6477361884870212
High Risk,0.8092258339097061
Medium Risk,0.5335600078494376
Medium Risk,0.6323590535595119
Low Risk,0.2138737363335716
Medium Risk,0.6582288052038675
Medium Risk,0.3126188928096401
Low Risk,0.21691442559418575
Medium Risk,0.5366411886475325
Medium Risk,0.4745776254648731
Medium Risk,0.6234086686030441
Low Risk,0.12498581895422621
Medium Risk,0.6229986962303102
High Risk,0.889696835883821
High Risk,0.8209904050023953
Low Risk,0.13271723311433248
Medium Risk,0.36306356835458975
Medium Risk,0.6898544933531585
Medium Risk,0.6465371657886351
Medium Risk,0.5155870610251697
Medium Risk,0.615500909120009
Low Risk,0.0742870528164646
Low Risk,0.02904761904761905
Medium Risk,0.3978198317205669
Medium Risk,0.6009107862886007
Low Risk,0.026289072039072034
Medium Risk,0.4526737710818592
Low Risk,0.007880952380952383
Medium Risk,0.6675149613278843
High Risk,0.7995779408240867
Medium Risk,0.5548998534810952
Medium Risk,0.6426218172799324
High Risk,0.8336484002116066
Medium Risk,0.4676034530494336
Low Risk,0.13612565212565206
Medium Risk,0.5188810800158442
Medium Risk,0.6679821405509603
Low Risk,0.05646852494380385
Low Risk,0.04226007861845457
High Risk,0.7001680522149902
Medium Risk,0.4857403659936553
Medium Risk,0.546802332889631
Medium Risk,0.5136831692485478
Low Risk,0.019440656565656567
Low Risk,0.12903218540171962
High Risk,0.804717327312333
Medium Risk,0.3111052632697329
High Risk,0.8533194965258438
Low Risk,0.28267136433301043
Medium Risk,0.5246304560570904
Low Risk,0.01688478514949103
Low Risk,0.2856696070518002
Low Risk,0.025860930735930734
High Risk,0.7122292335902907
High Risk,0.7568936460887176
Low Risk,0.1773944013495977
Low Risk,0.26955472593948765
Low Risk,0.1391475163875512
Medium Risk,0.613880305182742
High Risk,0.7362037244095814
Medium Risk,0.4704786488021783
Medium Risk,0.5814862373911247
High Risk,0.79563215863187
Medium Risk,0.3543804123091528
Medium Risk,0.6939568318157661
Medium Risk,0.5098597555482851
Medium Risk,0.6740213790822147
Low Risk,0.24536258396462063
High Risk,0.9655457716303306
Medium Risk,0.6854461788422691
Low Risk,0.1943850822380235
High Risk,0.7857787129319574
Medium Risk,0.586153894874243
Low Risk,0.17381526872412068
Low Risk,0.19916384473070067
Low Risk,0.28296385854987094
Medium Risk,0.590236550061822
High Risk,0.8524827912928119
Low Risk,0.10267388249005897
Low Risk,0.16695512883895516
Medium Risk,0.6679897841226776
Medium Risk,0.513174634754543
Low Risk,0.16876414397401945
Medium Risk,0.6217288402263689
Medium Risk,0.6052455080186188
Medium Risk,0.642849191390669
Medium Risk,0.6019676753908145
Medium Risk,0.6255759733640351
Medium Risk,0.6375402855197077
High Risk,0.8228645551507843
Medium Risk,0.34633529583161954
Low Risk,0.21630751193251205
Medium Risk,0.4815613592084776
High Risk,0.9595555833055834
Medium Risk,0.6591096657481325
Medium Risk,0.5513447722267792
Medium Risk,0.6207782109621347
Low Risk,0.016957107220265114
Low Risk,0.19240275025015485
High Risk,0.7202434506698525
Medium Risk,0.4947986659553847
Medium Risk,0.5428091347808613
Low Risk,0.24497832465839625
High Risk,0.8331014803770164
High Risk,0.822902384955945
High Risk,0.727819330188124
Medium Risk,0.5337998093023247
Medium Risk,0.31885814623972525
Low Risk,0.14533857665525615
High Risk,0.7379294803470572
Medium Risk,0.6679403273881235
Low Risk,0.26310772993744663
Medium Risk,0.6564539684172042
Medium Risk,0.62639416488766
Low Risk,0.243314440915356
Medium Risk,0.650763375319314
Low Risk,0.29558468788693243
Low Risk,0.14335546275582578
Medium Risk,0.36680782901495784
Low Risk,0.05056768231768232
High Risk,0.7518358928916329
Medium Risk,0.32697538148524524
High Risk,0.8085379685149086
Medium Risk,0.532800569150809
High Risk,0.751697670299257
High Risk,0.9698500625191803
Low Risk,0.18305821714405307
Low Risk,0.0839052270024397
High Risk,0.7896655239852179
Low Risk,0.05966540404040403
Medium Risk,0.6303836921139547
Low Risk,0.059131260079789486
Low Risk,0.05747444222444223
Low Risk,0.13743632878559345
Medium Risk,0.5538934321852677
Medium Risk,0.5265449677110743
Medium Risk,0.6433823142684872
Low Risk,0.09875576425208775
Medium Risk,0.5316987411322057
Low Risk,0.012792735042735044
Low Risk,0.27861618788418335
Medium Risk,0.3139633286170528
Medium Risk,0.6033181040021212
Medium Risk,0.6120663239867884
Low Risk,0.19992497580644136
Medium Risk,0.6239057115342541
High Risk,0.7966660559578823
Low Risk,0.2929670293497646
Medium Risk,0.38194744419667015
Medium Risk,0.5417874343453876
Medium Risk,0.3266293991871711
Medium Risk,0.37216287988327457
Low Risk,0.027493437118437117
High Risk,0.9429463314463316
Low Risk,0.04711344211344211
Low Risk,0.12124712366237134
Medium Risk,0.6180650658884644
High Risk,0.7759529121601308
Medium Risk,0.624218859700334
High Risk,0.801789170899322
High Risk,0.7648654355294306
Medium Risk,0.6604903290346962
Medium Risk,0.6467902646357522
Medium Risk,0.6035800886916394
High Risk,0.9431126561347147
Low Risk,0.2829905791018409
Low Risk,0.010879419191919194
High Risk,0.9623906029685826
Medium Risk,0.38854939930771115
Low Risk,0.024231962481962483
Low Risk,0.1444422485278325
Medium Risk,0.6466637881722873
Low Risk,0.019061660561660563
Medium Risk,0.6383745019170718
Medium Risk,0.610115877796743
Low Risk,0.20355287890214363
Medium Risk,0.6769618899900038
Medium Risk,0.663418079426612
Low Risk,0.019296869796869797
Medium Risk,0.5191441184696265
High Risk,0.8409576240966703
High Risk,0.8010255407185707
Medium Risk,0.3393462375043256
High Risk,0.8276529155845677
Low Risk,0.005425087983911513
Medium Risk,0.3204562489668914
Medium Risk,0.6330119041905806
Medium Risk,0.36605626099047156
Medium Risk,0.598360232912053
High Risk,0.772435593353737
Low Risk,0.1927510524598041
Medium Risk,0.37419828242240605
Low Risk,0.02127760765804244
Low Risk,0.1486103965478965
High Risk,0.7390505640791589
High Risk,0.7444276220330273
High Risk,0.7499621490300332
Medium Risk,0.5835910608998846
High Risk,0.8828920226015811
Medium Risk,0.6217557422263312
Medium Risk,0.6619135038744652
Medium Risk,0.3431615993302114
Medium Risk,0.6904315304793245
Medium Risk,0.5792641000204397
Medium Risk,0.4363646327835333
Low Risk,0.011522893772893773
Low Risk,0.07888644833094151
Medium Risk,0.37665257863051993
Low Risk,0.037879620379620366
Low Risk,0.05660382096430051
Low Risk,0.10412172790895198
Low Risk,0.02942776667776668
Medium Risk,0.5992455826001816
High Risk,0.7976307132407199
Low Risk,0.018095085470085467
Medium Risk,0.6374437903656129
High Risk,0.8485042627944348
High Risk,0.7993351577173899
Medium Risk,0.6929191802886656
Medium Risk,0.5369600010853507
Medium Risk,0.5421164771469799
Low Risk,0.12411897178553184
Medium Risk,0.6261541113937216
Low Risk,0.2139941356802812
Low Risk,0.007841450216450217
Low Risk,0.21256325945147136
High Risk,0.8800607410377698
High Risk,0.7014005351710417
Low Risk,0.09306187603246428
High Risk,0.9291383438777465
Medium Risk,0.6843602714687765
Medium Risk,0.504459815784926
Medium Risk,0.5770124403938993
Medium Risk,0.5268583204075672
Medium Risk,0.3567096012217917
High Risk,0.9432655518501106
Medium Risk,0.63149677171383
Medium Risk,0.5478551282718368
Medium Risk,0.5480581096362914
Low Risk,0.1835953307313601
Low Risk,0.151791847041847
Medium Risk,0.4922306666250181
Medium Risk,0.5296093858410112
High Risk,0.8488470195084088
Low Risk,0.18248626740906151
Low Risk,0.2864982495759416
Medium Risk,0.5325540458775724
High Risk,0.7820229292712385
Medium Risk,0.6615849689329483
Medium Risk,0.5657425629925629
Low Risk,0.23224245979755004
Medium Risk,0.5387883688595463
Medium Risk,0.6199928137813179
High Risk,0.8644243163689496
Low Risk,0.006294191919191919
Medium Risk,0.492629348644006
Medium Risk,0.5010094528738254
Low Risk,0.09081716774927416
Medium Risk,0.5883205997772532
High Risk,0.7402103124302033
Medium Risk,0.5697258813463055
High Risk,0.8582358419035307
Low Risk,0.15303270698495952
Medium Risk,0.6931232794553226
Medium Risk,0.6088834484359493
Low Risk,0.18001586738181755
Low Risk,0.11806505830770538
Low Risk,0.25106703869745667
Medium Risk,0.3409584434743105
Medium Risk,0.5275729423354423
Low Risk,0.025443889443889443
Medium Risk,0.3010443082244554
Medium Risk,0.5000740096247062
High Risk,0.8263396447767213
Medium Risk,0.3862133267059739
Medium Risk,0.6828448341788611
Low Risk,0.20006210354729134
Medium Risk,0.49880436126325856
Low Risk,0.20174318981671924
Medium Risk,0.6455593743715572
High Risk,0.8301307203360169
Low Risk,0.009336940836940838
Medium Risk,0.3929728006341783
Low Risk,0.029197584278466634
Medium Risk,0.4994423180002356
Low Risk,0.012978354978354978
Low Risk,0.26355286479086787
Low Risk,0.06072457526133995
Low Risk,0.29477451641230096
Low Risk,0.10373553538920718
High Risk,0.8859196792165581
Low Risk,0.19045948562739695
Medium Risk,0.5395378038415123
Medium Risk,0.564664420027778
Low Risk,0.20159638211419684
Low Risk,0.05374301393051395
High Risk,0.7197132899533184
Medium Risk,0.6800381698834086
Low Risk,0.011325757575757578
Medium Risk,0.6461585624342977
Medium Risk,0.6512267555194188
Medium Risk,0.6360393069484933
Low Risk,0.03361678599178598
Low Risk,0.277390588771394
Low Risk,0.16743384657299917
Medium Risk,0.6604913848406494
Medium Risk,0.5888544413885988
Low Risk,0.09925280275280278
Medium Risk,0.670960839541943
Medium Risk,0.5372647572904365
Medium Risk,0.5910586248174137
High Risk,0.7516865198832764
High Risk,0.8024632147869777
High Risk,0.9230802493196641
Low Risk,0.29487639064919924
Low Risk,0.18870463727449022
Medium Risk,0.4989953859886279
Low Risk,0.07565519193806418
High Risk,0.8605871858705418
Low Risk,0.28066057361689656
Low Risk,0.14234731111457452
Low Risk,0.03767714797242661
Low Risk,0.059645318378694315
Medium Risk,0.5795723860166515
Low Risk,0.10026617401579414
Low Risk,0.10619711484049717
Medium Risk,0.5651656470059596
High Risk,0.8111496801439249
Medium Risk,0.45868132617888624
High Risk,0.7307949148271156
High Risk,0.8138407475795044
Low Risk,0.1618235755257814
Medium Risk,0.5572488116723835
Medium Risk,0.5470514745055572
Medium Risk,0.5204419637608175
Medium Risk,0.3492193492352164
Medium Risk,0.5399389797811702
Low Risk,0.2630307386541908
Low Risk,0.12076482732953318
Low Risk,0.23268160924043266
Low Risk,0.049222259358288764
High Risk,0.7289568716503847
Low Risk,0.045672815338256505
High Risk,0.8529427065301424
Medium Risk,0.36358528376078686
Medium Risk,0.4819639703484917
Medium Risk,0.5864724863121925
Medium Risk,0.6011768894871312
High Risk,0.7011326029304391
Medium Risk,0.6135168562697548
Medium Risk,0.4473851558443274
Medium Risk,0.6838864398427351
Medium Risk,0.4796477545715754
Low Risk,0.1980805836122826
Low Risk,0.1835453432964565
Medium Risk,0.5447099634774023
Medium Risk,0.5903880524836999
Low Risk,0.14127633477633472
High Risk,0.8041598399839545
Medium Risk,0.4700878126199017
Low Risk,0.21894807185848214
Medium Risk,0.6619886969865939
High Risk,0.7711286537121699
Medium Risk,0.4386958574621114
Low Risk,0.11765836473434048
Low Risk,0.1932148523564089
Medium Risk,0.584265943949017
Medium Risk,0.40559519311957387
High Risk,0.7277831242334493
Medium Risk,0.49921170840395424
Medium Risk,0.579722489079306
High Risk,0.7529893359564411
Low Risk,0.0152727688977689
Low Risk,0.021927905427905424
Low Risk,0.15157767080137272
Medium Risk,0.6094762905908492
High Risk,0.9671752003627004
High Risk,0.8639817298221574
Medium Risk,0.4852476064741929
Low Risk,0.03131896575646576
Low Risk,0.15671682789411676
Low Risk,0.030984376734376734
Medium Risk,0.6496455381965291
Low Risk,0.05187315258271141
Medium Risk,0.46915086605540013
High Risk,0.7945131344849389
High Risk,0.9002530941280936
Low Risk,0.13719774878795682
Medium Risk,0.5745959800003917
Medium Risk,0.6497100464512378
Low Risk,0.14615110536545953
Low Risk,0.15288264841000823
Medium Risk,0.6143803275410692
Medium Risk,0.4938866619962758
High Risk,0.7724832988505105
Low Risk,0.08850698255992372
Medium Risk,0.4241753368105923
Low Risk,0.018712481962481962
Low Risk,0.14981704652107034
Medium Risk,0.5271268188847968
Low Risk,0.19625431227269466
High Risk,0.7459369520443437
High Risk,0.7088300106654403
Medium Risk,0.581528462431298
High Risk,0.7181346474611437
Medium Risk,0.38184306007428603
High Risk,0.7080536050613482
Medium Risk,0.4858151375784912
Medium Risk,0.37934969049657274
Medium Risk,0.519289634677158
Low Risk,0.17743790954917116
Medium Risk,0.5858607663837023
Low Risk,0.020038451744334093
Low Risk,0.013677871148459385
Medium Risk,0.5321770523005064
Low Risk,0.2100675822361944
High Risk,0.8256389345056714
Medium Risk,0.633714890601216
Medium Risk,0.5814706655581541
Low Risk,0.1821386420088302
High Risk,0.7456301427238506
High Risk,0.7967075823643163
High Risk,0.7682049891477757
Medium Risk,0.675620578917986
Medium Risk,0.470622660019719
Medium Risk,0.3599703088449218
High Risk,0.7917629746904083
High Risk,0.7409276718164025
Medium Risk,0.44732731813629484
Medium Risk,0.4929885914386528
Low Risk,0.034592004400827936
Medium Risk,0.5481074797506846
Low Risk,0.03039969099527923
Medium Risk,0.47244214532162027
High Risk,0.7156164468233734
Low Risk,0.10101859470607977
Medium Risk,0.6586306836064985
Medium Risk,0.5648808760848727
High Risk,0.7215117433240138
High Risk,0.8405531040079847
High Risk,0.7640555484443513
Low Risk,0.15053721248558205
Medium Risk,0.461136610046165
High Risk,0.7757623912974896
High Risk,0.7920427421456832
Medium Risk,0.49158848102728164
Medium Risk,0.6894266718153135
Medium Risk,0.6305400479944091
Medium Risk,0.5491367231414863
Medium Risk,0.5416558609712125
Low Risk,0.2562874058913889
Medium Risk,0.6564992927636752
Medium Risk,0.6156164017681968
Low Risk,0.2699657826310555
Medium Risk,0.5414134853131071
Medium Risk,0.6993766971696961
Medium Risk,0.5490189107290425
Low Risk,0.024416143497025852
Low Risk,0.10575408313954297
High Risk,0.7579666216637985
High Risk,0.8382352921901574
Medium Risk,0.3139246529747648
High Risk,0.8358168934328413
High Risk,0.9432347999223001
Medium Risk,0.6486568192159541
Medium Risk,0.3518937402466814
Low Risk,0.11456529895113485
Medium Risk,0.34898821807277686
High Risk,0.7481190141570084
High Risk,0.9453604707349856
Low Risk,0.11137851405130815
Low Risk,0.2590809884559885
High Risk,0.753301099497788
Medium Risk,0.6524034487399423
Medium Risk,0.5394735716877317
Medium Risk,0.3934016158205398
Medium Risk,0.679672800529149
High Risk,0.7990701081712679
Medium Risk,0.6962703927157292
Low Risk,0.1996014574813688
Low Risk,0.06723592910357618
Medium Risk,0.497919511965839
Medium Risk,0.38355855610248
Low Risk,0.020341991341991342
Medium Risk,0.3355379712214861
Medium Risk,0.5196795377991512
Medium Risk,0.6870143800986698
Low Risk,0.2832824459979797
Low Risk,0.22605782779312192
Medium Risk,0.5263764067737998
Low Risk,0.09068764120416509
Low Risk,0.14225497051967642
Medium Risk,0.571301239072966
Low Risk,0.03120390720390721
Low Risk,0.08078126040626038
High Risk,0.75274308815754
Medium Risk,0.6973209885430429
Low Risk,0.1365728576978577
Medium Risk,0.39536706577735997
Medium Risk,0.3724242702601837
High Risk,0.9552538919413921
Medium Risk,0.4592961542045536
Medium Risk,0.6526078445127985
High Risk,0.8009874411184881
Medium Risk,0.5674180587423023
Low Risk,0.2323291022543243
Medium Risk,0.6351560667039674
Medium Risk,0.4905231223863604
High Risk,0.8877568886394811
Low Risk,0.26228135854084
Medium Risk,0.5109128878654062
Low Risk,0.15581447285861258
Medium Risk,0.3219985731932327
High Risk,0.9103405144845885
Low Risk,0.026027888777888784
Medium Risk,0.5951450392668888
High Risk,0.8761988387687552
Medium Risk,0.5485255623030842
Medium Risk,0.45277431746862645
Low Risk,0.21995292818860596
Low Risk,0.019591782097830485
Medium Risk,0.523683067487958
Low Risk,0.18539503599225135
High Risk,0.9299104222817792
Medium Risk,0.3484442420969125
Low Risk,0.08606597776412288
Medium Risk,0.32372775182334024
High Risk,0.8850741552837138
Medium Risk,0.5321599940150269
Medium Risk,0.6796812470466205
Medium Risk,0.5443719823058661
Medium Risk,0.45844353848765607
Low Risk,0.12839289497928705
Medium Risk,0.5743085146131556
High Risk,0.9326796536796536
High Risk,0.9071333992396492
Low Risk,0.07009440704644193
Low Risk,0.2020784522087267
Medium Risk,0.47861966515712945
Low Risk,0.2660309086338498
Medium Risk,0.5754540322479675
Medium Risk,0.4955045197255402
High Risk,0.8015012364301297
Low Risk,0.009985680985680985
Low Risk,0.15440563064358942
High Risk,0.7885336928186187
Low Risk,0.01547838272838273
High Risk,0.8344561729732171
Low Risk,0.11292638693006332
High Risk,0.9444502303252302
Medium Risk,0.3190651947641046
Low Risk,0.17517583918120272
Medium Risk,0.6509503881783574
Medium Risk,0.5792743356143781
Medium Risk,0.524384383260461
Medium Risk,0.6731895131059616
High Risk,0.7688823723201179
Medium Risk,0.6840701713450078
Medium Risk,0.5144077818509615
Medium Risk,0.47942514325330793
Medium Risk,0.48432348462100117
Medium Risk,0.4909326785304869
High Risk,0.731251304425159
Medium Risk,0.4139298907351438
High Risk,0.7978038047805285
Low Risk,0.22208456473007568
High Risk,0.8922564283588169
High Risk,0.8722101501071934
Low Risk,0.0378452380952381
Low Risk,0.06573108141858142
High Risk,0.7976080967467126
Low Risk,0.03644581807081807
Medium Risk,0.6944574993089874
Medium Risk,0.3720987384738479
Low Risk,0.13027847054046743
Low Risk,0.2183493376199007
Medium Risk,0.5615083623210684
High Risk,0.8232748863266552
High Risk,0.7528039428641429
Low Risk,0.18574797179944233
Low Risk,0.1287394684157367
High Risk,0.8898447476243213
High Risk,0.8006420028363636
Low Risk,0.2983603018078198
Medium Risk,0.6426147985168542
Medium Risk,0.38519544617686063
High Risk,0.7084197399822396
Medium Risk,0.4950756934467671
Medium Risk,0.6840948972129164
Low Risk,0.018053280053280052
High Risk,0.7131546794528483
High Risk,0.7214947450872051
Medium Risk,0.40571423347893926
Medium Risk,0.3669304632630872
High Risk,0.7797236517567404
Medium Risk,0.4881899184512049
Medium Risk,0.5319726325312657
Medium Risk,0.38626710606644815
High Risk,0.7357364037729651
Low Risk,0.22191596174723113
High Risk,0.7249545798381842
Medium Risk,0.6085702700780533
Medium Risk,0.6517685605381581
Low Risk,0.025073107448107444
High Risk,0.7651276203883934
Medium Risk,0.5530653247540358
Medium Risk,0.31737924303508663
Medium Risk,0.6179717978827806
Low Risk,0.0621451228510052
Medium Risk,0.6559900750908878
Low Risk,0.16634260447468466
Medium Risk,0.38467891095832274
High Risk,0.7038587612578666
Low Risk,0.13422010299927342
High Risk,0.71497443349016
Medium Risk,0.5614325066241377
Low Risk,0.21405293844012885
Low Risk,0.23681321415512596
Medium Risk,0.5546853252307009
Low Risk,0.08495275131788292
Medium Risk,0.5358204271325314
Medium Risk,0.5066944140712564
High Risk,0.9487541135335252
Low Risk,0.10806926634451292
Low Risk,0.053838152316093485
Low Risk,0.13458323411282427
Low Risk,0.0820905275280275
Medium Risk,0.6655177954867092
Medium Risk,0.6723603782595062
Low Risk,0.16972505368738663
High Risk,0.8985946696128363
Medium Risk,0.4816139984193422
Medium Risk,0.6251316846768777
Medium Risk,0.6926673375469845
Medium Risk,0.699676555972659
Medium Risk,0.6219748855031202
High Risk,0.7411930522607768
Medium Risk,0.5368583074933784
High Risk,0.7715573128019075
Medium Risk,0.6789835962278516
Low Risk,0.20233715712392183
High Risk,0.744829662704351
High Risk,0.8797714539759499
High Risk,0.7533746125759194
High Risk,0.7184301000130611
Low Risk,0.1714948685573685
High Risk,0.8456813388878569
Medium Risk,0.3101765161008582
Low Risk,0.14299066649836953
Low Risk,0.024960574148074146
Medium Risk,0.4996011393832479
Medium Risk,0.4716729710270562
High Risk,0.7882030150133467
Low Risk,0.018399891774891774
Medium Risk,0.6278143838445694
Low Risk,0.1852158367303491
High Risk,0.8611144134566768
High Risk,0.8283613912789805
High Risk,0.7700323087050337
Low Risk,0.021495983183483183
High Risk,0.7971843443368707
Medium Risk,0.5425962560934401
Low Risk,0.21257656475135026
Low Risk,0.19726003898062722
High Risk,0.7735811470840899
Medium Risk,0.41430984184833636
High Risk,0.7233820654109148
Low Risk,0.1574551188900613
Medium Risk,0.447770586550512
Low Risk,0.04479453404782353
Medium Risk,0.6467323837511532
Medium Risk,0.4870796135963112
High Risk,0.7671143632787698
High Risk,0.7089506867197837
High Risk,0.7832251702357508
High Risk,0.7100362927940731
High Risk,0.8743060835768727
High Risk,0.7852059819594917
Low Risk,0.17368632416739913
High Risk,0.7931439826250116
Low Risk,0.0508341954098533
Low Risk,0.03441207403707403
High Risk,0.9621016290898641
Medium Risk,0.6315169568401331
High Risk,0.790095851199776
Medium Risk,0.6504023796823136
Medium Risk,0.6958133587477197
Low Risk,0.10365618042088627
Low Risk,0.1909715611681135
Low Risk,0.12592668707261725
Medium Risk,0.43570245240225874
Low Risk,0.1441899417166866
Medium Risk,0.4967052269625799
